<ImportExportXml xmlns:xsi="http://www.w3.org/2001/XMLSchema-instance">
  <Entities>
    <Entity>
      <Name LocalizedName="test" OriginalName="test">trimble_test</Name>
      <EntityInfo>
        <entity Name="trimble_test">
          <LocalizedNames>
            <LocalizedName description="test" languagecode="1033" />
          </LocalizedNames>
          <LocalizedCollectionNames>
            <LocalizedCollectionName description="tests" languagecode="1033" />
          </LocalizedCollectionNames>
          <Descriptions>
            <Description description="" languagecode="1033" />
          </Descriptions>
          <attributes>
            <attribute PhysicalName="CreatedBy">
              <Type>lookup</Type>
              <Name>createdby</Name>
              <LogicalName>createdby</LogicalName>
              <RequiredLevel>none</RequiredLevel>
              <DisplayMask>ValidForAdvancedFind|ValidForForm|ValidForGrid</DisplayMask>
              <ImeMode>auto</ImeMode>
              <ValidForReadApi>1</ValidForReadApi>
              <IsCustomField>0</IsCustomField>
              <IsAuditEnabled>0</IsAuditEnabled>
              <IsSecured>0</IsSecured>
              <IntroducedVersion>0.0.0</IntroducedVersion>
              <IsCustomizable>1</IsCustomizable>
              <IsRenameable>1</IsRenameable>
              <CanModifySearchSettings>1</CanModifySearchSettings>
              <CanModifyRequirementLevelSettings>1</CanModifyRequirementLevelSettings>
              <CanModifyAdditionalSettings>1</CanModifyAdditionalSettings>
              <SourceType>0</SourceType>
              <IsGlobalFilterEnabled>0</IsGlobalFilterEnabled>
              <IsSortableEnabled>0</IsSortableEnabled>
              <CanModifyGlobalFilterSettings>1</CanModifyGlobalFilterSettings>
              <CanModifyIsSortableSettings>1</CanModifyIsSortableSettings>
              <IsDataSourceSecret>0</IsDataSourceSecret>
              <AutoNumberFormat></AutoNumberFormat>
              <LookupStyle>single</LookupStyle>
              <LookupTypes />
              <displaynames>
                <displayname description="Created By" languagecode="1033" />
              </displaynames>
              <Descriptions>
                <Description description="Unique identifier of the user who created the record." languagecode="1033" />
              </Descriptions>
            </attribute>
            <attribute PhysicalName="CreatedOn">
              <Type>datetime</Type>
              <Name>createdon</Name>
              <LogicalName>createdon</LogicalName>
              <RequiredLevel>none</RequiredLevel>
              <DisplayMask>ValidForAdvancedFind|ValidForForm|ValidForGrid</DisplayMask>
              <ImeMode>inactive</ImeMode>
              <ValidForReadApi>1</ValidForReadApi>
              <IsCustomField>0</IsCustomField>
              <IsAuditEnabled>0</IsAuditEnabled>
              <IsSecured>0</IsSecured>
              <IntroducedVersion>0.0.0</IntroducedVersion>
              <IsCustomizable>1</IsCustomizable>
              <IsRenameable>1</IsRenameable>
              <CanModifySearchSettings>1</CanModifySearchSettings>
              <CanModifyRequirementLevelSettings>1</CanModifyRequirementLevelSettings>
              <CanModifyAdditionalSettings>1</CanModifyAdditionalSettings>
              <SourceType>0</SourceType>
              <IsGlobalFilterEnabled>0</IsGlobalFilterEnabled>
              <IsSortableEnabled>0</IsSortableEnabled>
              <CanModifyGlobalFilterSettings>1</CanModifyGlobalFilterSettings>
              <CanModifyIsSortableSettings>1</CanModifyIsSortableSettings>
              <IsDataSourceSecret>0</IsDataSourceSecret>
              <AutoNumberFormat></AutoNumberFormat>
              <Format>datetime</Format>
              <CanChangeDateTimeBehavior>0</CanChangeDateTimeBehavior>
              <Behavior>1</Behavior>
              <displaynames>
                <displayname description="Created On" languagecode="1033" />
              </displaynames>
              <Descriptions>
                <Description description="Date and time when the record was created." languagecode="1033" />
              </Descriptions>
            </attribute>
            <attribute PhysicalName="CreatedOnBehalfBy">
              <Type>lookup</Type>
              <Name>createdonbehalfby</Name>
              <LogicalName>createdonbehalfby</LogicalName>
              <RequiredLevel>none</RequiredLevel>
              <DisplayMask>ValidForAdvancedFind|ValidForForm|ValidForGrid</DisplayMask>
              <ImeMode>auto</ImeMode>
              <ValidForReadApi>1</ValidForReadApi>
              <IsCustomField>0</IsCustomField>
              <IsAuditEnabled>0</IsAuditEnabled>
              <IsSecured>0</IsSecured>
              <IntroducedVersion>0.0.0</IntroducedVersion>
              <IsCustomizable>1</IsCustomizable>
              <IsRenameable>1</IsRenameable>
              <CanModifySearchSettings>1</CanModifySearchSettings>
              <CanModifyRequirementLevelSettings>1</CanModifyRequirementLevelSettings>
              <CanModifyAdditionalSettings>1</CanModifyAdditionalSettings>
              <SourceType>0</SourceType>
              <IsGlobalFilterEnabled>0</IsGlobalFilterEnabled>
              <IsSortableEnabled>0</IsSortableEnabled>
              <CanModifyGlobalFilterSettings>1</CanModifyGlobalFilterSettings>
              <CanModifyIsSortableSettings>1</CanModifyIsSortableSettings>
              <IsDataSourceSecret>0</IsDataSourceSecret>
              <AutoNumberFormat></AutoNumberFormat>
              <LookupStyle>single</LookupStyle>
              <LookupTypes />
              <displaynames>
                <displayname description="Created By (Delegate)" languagecode="1033" />
              </displaynames>
              <Descriptions>
                <Description description="Unique identifier of the delegate user who created the record." languagecode="1033" />
              </Descriptions>
            </attribute>
            <attribute PhysicalName="ImportSequenceNumber">
              <Type>int</Type>
              <Name>importsequencenumber</Name>
              <LogicalName>importsequencenumber</LogicalName>
              <RequiredLevel>none</RequiredLevel>
              <DisplayMask>ValidForAdvancedFind</DisplayMask>
              <ImeMode>disabled</ImeMode>
              <ValidForReadApi>1</ValidForReadApi>
              <ValidForCreateApi>1</ValidForCreateApi>
              <IsCustomField>0</IsCustomField>
              <IsAuditEnabled>1</IsAuditEnabled>
              <IsSecured>0</IsSecured>
              <IntroducedVersion>0.0.0</IntroducedVersion>
              <IsCustomizable>1</IsCustomizable>
              <IsRenameable>1</IsRenameable>
              <CanModifySearchSettings>1</CanModifySearchSettings>
              <CanModifyRequirementLevelSettings>1</CanModifyRequirementLevelSettings>
              <CanModifyAdditionalSettings>1</CanModifyAdditionalSettings>
              <SourceType>0</SourceType>
              <IsGlobalFilterEnabled>0</IsGlobalFilterEnabled>
              <IsSortableEnabled>0</IsSortableEnabled>
              <CanModifyGlobalFilterSettings>1</CanModifyGlobalFilterSettings>
              <CanModifyIsSortableSettings>1</CanModifyIsSortableSettings>
              <IsDataSourceSecret>0</IsDataSourceSecret>
              <AutoNumberFormat></AutoNumberFormat>
              <Format></Format>
              <MinValue>-2147483648</MinValue>
              <MaxValue>2147483647</MaxValue>
              <displaynames>
                <displayname description="Import Sequence Number" languagecode="1033" />
              </displaynames>
              <Descriptions>
                <Description description="Sequence number of the import that created this record." languagecode="1033" />
              </Descriptions>
            </attribute>
            <attribute PhysicalName="ModifiedBy">
              <Type>lookup</Type>
              <Name>modifiedby</Name>
              <LogicalName>modifiedby</LogicalName>
              <RequiredLevel>none</RequiredLevel>
              <DisplayMask>ValidForAdvancedFind|ValidForForm|ValidForGrid</DisplayMask>
              <ImeMode>auto</ImeMode>
              <ValidForReadApi>1</ValidForReadApi>
              <IsCustomField>0</IsCustomField>
              <IsAuditEnabled>0</IsAuditEnabled>
              <IsSecured>0</IsSecured>
              <IntroducedVersion>0.0.0</IntroducedVersion>
              <IsCustomizable>1</IsCustomizable>
              <IsRenameable>1</IsRenameable>
              <CanModifySearchSettings>1</CanModifySearchSettings>
              <CanModifyRequirementLevelSettings>1</CanModifyRequirementLevelSettings>
              <CanModifyAdditionalSettings>1</CanModifyAdditionalSettings>
              <SourceType>0</SourceType>
              <IsGlobalFilterEnabled>0</IsGlobalFilterEnabled>
              <IsSortableEnabled>0</IsSortableEnabled>
              <CanModifyGlobalFilterSettings>1</CanModifyGlobalFilterSettings>
              <CanModifyIsSortableSettings>1</CanModifyIsSortableSettings>
              <IsDataSourceSecret>0</IsDataSourceSecret>
              <AutoNumberFormat></AutoNumberFormat>
              <LookupStyle>single</LookupStyle>
              <LookupTypes />
              <displaynames>
                <displayname description="Modified By" languagecode="1033" />
              </displaynames>
              <Descriptions>
                <Description description="Unique identifier of the user who modified the record." languagecode="1033" />
              </Descriptions>
            </attribute>
            <attribute PhysicalName="ModifiedOn">
              <Type>datetime</Type>
              <Name>modifiedon</Name>
              <LogicalName>modifiedon</LogicalName>
              <RequiredLevel>none</RequiredLevel>
              <DisplayMask>ValidForAdvancedFind|ValidForForm|ValidForGrid</DisplayMask>
              <ImeMode>inactive</ImeMode>
              <ValidForReadApi>1</ValidForReadApi>
              <IsCustomField>0</IsCustomField>
              <IsAuditEnabled>0</IsAuditEnabled>
              <IsSecured>0</IsSecured>
              <IntroducedVersion>0.0.0</IntroducedVersion>
              <IsCustomizable>1</IsCustomizable>
              <IsRenameable>1</IsRenameable>
              <CanModifySearchSettings>1</CanModifySearchSettings>
              <CanModifyRequirementLevelSettings>1</CanModifyRequirementLevelSettings>
              <CanModifyAdditionalSettings>1</CanModifyAdditionalSettings>
              <SourceType>0</SourceType>
              <IsGlobalFilterEnabled>0</IsGlobalFilterEnabled>
              <IsSortableEnabled>0</IsSortableEnabled>
              <CanModifyGlobalFilterSettings>1</CanModifyGlobalFilterSettings>
              <CanModifyIsSortableSettings>1</CanModifyIsSortableSettings>
              <IsDataSourceSecret>0</IsDataSourceSecret>
              <AutoNumberFormat></AutoNumberFormat>
              <Format>datetime</Format>
              <CanChangeDateTimeBehavior>0</CanChangeDateTimeBehavior>
              <Behavior>1</Behavior>
              <displaynames>
                <displayname description="Modified On" languagecode="1033" />
              </displaynames>
              <Descriptions>
                <Description description="Date and time when the record was modified." languagecode="1033" />
              </Descriptions>
            </attribute>
            <attribute PhysicalName="ModifiedOnBehalfBy">
              <Type>lookup</Type>
              <Name>modifiedonbehalfby</Name>
              <LogicalName>modifiedonbehalfby</LogicalName>
              <RequiredLevel>none</RequiredLevel>
              <DisplayMask>ValidForAdvancedFind|ValidForForm|ValidForGrid</DisplayMask>
              <ImeMode>auto</ImeMode>
              <ValidForReadApi>1</ValidForReadApi>
              <IsCustomField>0</IsCustomField>
              <IsAuditEnabled>0</IsAuditEnabled>
              <IsSecured>0</IsSecured>
              <IntroducedVersion>0.0.0</IntroducedVersion>
              <IsCustomizable>1</IsCustomizable>
              <IsRenameable>1</IsRenameable>
              <CanModifySearchSettings>1</CanModifySearchSettings>
              <CanModifyRequirementLevelSettings>1</CanModifyRequirementLevelSettings>
              <CanModifyAdditionalSettings>1</CanModifyAdditionalSettings>
              <SourceType>0</SourceType>
              <IsGlobalFilterEnabled>0</IsGlobalFilterEnabled>
              <IsSortableEnabled>0</IsSortableEnabled>
              <CanModifyGlobalFilterSettings>1</CanModifyGlobalFilterSettings>
              <CanModifyIsSortableSettings>1</CanModifyIsSortableSettings>
              <IsDataSourceSecret>0</IsDataSourceSecret>
              <AutoNumberFormat></AutoNumberFormat>
              <LookupStyle>single</LookupStyle>
              <LookupTypes />
              <displaynames>
                <displayname description="Modified By (Delegate)" languagecode="1033" />
              </displaynames>
              <Descriptions>
                <Description description="Unique identifier of the delegate user who modified the record." languagecode="1033" />
              </Descriptions>
            </attribute>
            <attribute PhysicalName="OverriddenCreatedOn">
              <Type>datetime</Type>
              <Name>overriddencreatedon</Name>
              <LogicalName>overriddencreatedon</LogicalName>
              <RequiredLevel>none</RequiredLevel>
              <DisplayMask>ValidForAdvancedFind|ValidForGrid</DisplayMask>
              <ImeMode>inactive</ImeMode>
              <ValidForReadApi>1</ValidForReadApi>
              <ValidForCreateApi>1</ValidForCreateApi>
              <IsCustomField>0</IsCustomField>
              <IsAuditEnabled>1</IsAuditEnabled>
              <IsSecured>0</IsSecured>
              <IntroducedVersion>0.0.0</IntroducedVersion>
              <IsCustomizable>1</IsCustomizable>
              <IsRenameable>1</IsRenameable>
              <CanModifySearchSettings>1</CanModifySearchSettings>
              <CanModifyRequirementLevelSettings>1</CanModifyRequirementLevelSettings>
              <CanModifyAdditionalSettings>1</CanModifyAdditionalSettings>
              <SourceType>0</SourceType>
              <IsGlobalFilterEnabled>0</IsGlobalFilterEnabled>
              <IsSortableEnabled>0</IsSortableEnabled>
              <CanModifyGlobalFilterSettings>1</CanModifyGlobalFilterSettings>
              <CanModifyIsSortableSettings>1</CanModifyIsSortableSettings>
              <IsDataSourceSecret>0</IsDataSourceSecret>
              <AutoNumberFormat></AutoNumberFormat>
              <Format>date</Format>
              <CanChangeDateTimeBehavior>0</CanChangeDateTimeBehavior>
              <Behavior>1</Behavior>
              <displaynames>
                <displayname description="Record Created On" languagecode="1033" />
              </displaynames>
              <Descriptions>
                <Description description="Date and time that the record was migrated." languagecode="1033" />
              </Descriptions>
            </attribute>
            <attribute PhysicalName="OwnerId">
              <Type>owner</Type>
              <Name>ownerid</Name>
              <LogicalName>ownerid</LogicalName>
              <RequiredLevel>systemrequired</RequiredLevel>
              <DisplayMask>ValidForAdvancedFind|ValidForForm|ValidForGrid|RequiredForForm</DisplayMask>
              <ImeMode>auto</ImeMode>
              <ValidForUpdateApi>1</ValidForUpdateApi>
              <ValidForReadApi>1</ValidForReadApi>
              <ValidForCreateApi>1</ValidForCreateApi>
              <IsCustomField>0</IsCustomField>
              <IsAuditEnabled>1</IsAuditEnabled>
              <IsSecured>0</IsSecured>
              <IntroducedVersion>0.0.0</IntroducedVersion>
              <IsCustomizable>1</IsCustomizable>
              <IsRenameable>1</IsRenameable>
              <CanModifySearchSettings>1</CanModifySearchSettings>
              <CanModifyRequirementLevelSettings>1</CanModifyRequirementLevelSettings>
              <CanModifyAdditionalSettings>1</CanModifyAdditionalSettings>
              <SourceType>0</SourceType>
              <IsGlobalFilterEnabled>0</IsGlobalFilterEnabled>
              <IsSortableEnabled>0</IsSortableEnabled>
              <CanModifyGlobalFilterSettings>1</CanModifyGlobalFilterSettings>
              <CanModifyIsSortableSettings>1</CanModifyIsSortableSettings>
              <IsDataSourceSecret>0</IsDataSourceSecret>
              <AutoNumberFormat></AutoNumberFormat>
              <LookupStyle>single</LookupStyle>
              <LookupTypes>
                <LookupType id="00000000-0000-0000-0000-000000000000">8</LookupType>
                <LookupType id="00000000-0000-0000-0000-000000000000">9</LookupType>
              </LookupTypes>
              <displaynames>
                <displayname description="Owner" languagecode="1033" />
              </displaynames>
              <Descriptions>
                <Description description="Owner Id" languagecode="1033" />
              </Descriptions>
            </attribute>
            <attribute PhysicalName="OwningBusinessUnit">
              <Type>lookup</Type>
              <Name>owningbusinessunit</Name>
              <LogicalName>owningbusinessunit</LogicalName>
              <RequiredLevel>none</RequiredLevel>
              <ImeMode>auto</ImeMode>
              <ValidForReadApi>1</ValidForReadApi>
              <IsCustomField>0</IsCustomField>
              <IsAuditEnabled>0</IsAuditEnabled>
              <IsSecured>0</IsSecured>
              <IntroducedVersion>0.0.0</IntroducedVersion>
              <IsCustomizable>1</IsCustomizable>
              <IsRenameable>1</IsRenameable>
              <CanModifySearchSettings>1</CanModifySearchSettings>
              <CanModifyRequirementLevelSettings>1</CanModifyRequirementLevelSettings>
              <CanModifyAdditionalSettings>1</CanModifyAdditionalSettings>
              <SourceType>0</SourceType>
              <IsGlobalFilterEnabled>0</IsGlobalFilterEnabled>
              <IsSortableEnabled>0</IsSortableEnabled>
              <CanModifyGlobalFilterSettings>1</CanModifyGlobalFilterSettings>
              <CanModifyIsSortableSettings>1</CanModifyIsSortableSettings>
              <IsDataSourceSecret>0</IsDataSourceSecret>
              <AutoNumberFormat></AutoNumberFormat>
              <LookupStyle>single</LookupStyle>
              <LookupTypes />
              <displaynames>
                <displayname description="Owning Business Unit" languagecode="1033" />
              </displaynames>
              <Descriptions>
                <Description description="Unique identifier for the business unit that owns the record" languagecode="1033" />
              </Descriptions>
            </attribute>
            <attribute PhysicalName="OwningTeam">
              <Type>lookup</Type>
              <Name>owningteam</Name>
              <LogicalName>owningteam</LogicalName>
              <RequiredLevel>none</RequiredLevel>
              <ImeMode>auto</ImeMode>
              <ValidForReadApi>1</ValidForReadApi>
              <IsCustomField>0</IsCustomField>
              <IsAuditEnabled>0</IsAuditEnabled>
              <IsLogical>1</IsLogical>
              <IsSecured>0</IsSecured>
              <IntroducedVersion>0.0.0</IntroducedVersion>
              <IsCustomizable>1</IsCustomizable>
              <IsRenameable>1</IsRenameable>
              <CanModifySearchSettings>1</CanModifySearchSettings>
              <CanModifyRequirementLevelSettings>1</CanModifyRequirementLevelSettings>
              <CanModifyAdditionalSettings>1</CanModifyAdditionalSettings>
              <SourceType>0</SourceType>
              <IsGlobalFilterEnabled>0</IsGlobalFilterEnabled>
              <IsSortableEnabled>0</IsSortableEnabled>
              <CanModifyGlobalFilterSettings>1</CanModifyGlobalFilterSettings>
              <CanModifyIsSortableSettings>1</CanModifyIsSortableSettings>
              <IsDataSourceSecret>0</IsDataSourceSecret>
              <AutoNumberFormat></AutoNumberFormat>
              <LookupStyle>single</LookupStyle>
              <LookupTypes />
              <displaynames>
                <displayname description="Owning Team" languagecode="1033" />
              </displaynames>
              <Descriptions>
                <Description description="Unique identifier for the team that owns the record." languagecode="1033" />
              </Descriptions>
            </attribute>
            <attribute PhysicalName="OwningUser">
              <Type>lookup</Type>
              <Name>owninguser</Name>
              <LogicalName>owninguser</LogicalName>
              <RequiredLevel>none</RequiredLevel>
              <ImeMode>auto</ImeMode>
              <ValidForReadApi>1</ValidForReadApi>
              <IsCustomField>0</IsCustomField>
              <IsAuditEnabled>0</IsAuditEnabled>
              <IsLogical>1</IsLogical>
              <IsSecured>0</IsSecured>
              <IntroducedVersion>0.0.0</IntroducedVersion>
              <IsCustomizable>1</IsCustomizable>
              <IsRenameable>1</IsRenameable>
              <CanModifySearchSettings>1</CanModifySearchSettings>
              <CanModifyRequirementLevelSettings>1</CanModifyRequirementLevelSettings>
              <CanModifyAdditionalSettings>1</CanModifyAdditionalSettings>
              <SourceType>0</SourceType>
              <IsGlobalFilterEnabled>0</IsGlobalFilterEnabled>
              <IsSortableEnabled>0</IsSortableEnabled>
              <CanModifyGlobalFilterSettings>1</CanModifyGlobalFilterSettings>
              <CanModifyIsSortableSettings>1</CanModifyIsSortableSettings>
              <IsDataSourceSecret>0</IsDataSourceSecret>
              <AutoNumberFormat></AutoNumberFormat>
              <LookupStyle>single</LookupStyle>
              <LookupTypes />
              <displaynames>
                <displayname description="Owning User" languagecode="1033" />
              </displaynames>
              <Descriptions>
                <Description description="Unique identifier for the user that owns the record." languagecode="1033" />
              </Descriptions>
            </attribute>
            <attribute PhysicalName="statecode">
              <Type>state</Type>
              <Name>statecode</Name>
              <LogicalName>statecode</LogicalName>
              <RequiredLevel>systemrequired</RequiredLevel>
              <DisplayMask>ValidForAdvancedFind|ValidForForm|ValidForGrid</DisplayMask>
              <ImeMode>auto</ImeMode>
              <ValidForUpdateApi>1</ValidForUpdateApi>
              <ValidForReadApi>1</ValidForReadApi>
              <IsCustomField>0</IsCustomField>
              <IsAuditEnabled>1</IsAuditEnabled>
              <IsSecured>0</IsSecured>
              <IntroducedVersion>0.0.0</IntroducedVersion>
              <IsCustomizable>1</IsCustomizable>
              <IsRenameable>1</IsRenameable>
              <CanModifySearchSettings>1</CanModifySearchSettings>
              <CanModifyRequirementLevelSettings>1</CanModifyRequirementLevelSettings>
              <CanModifyAdditionalSettings>1</CanModifyAdditionalSettings>
              <SourceType>0</SourceType>
              <IsGlobalFilterEnabled>0</IsGlobalFilterEnabled>
              <IsSortableEnabled>0</IsSortableEnabled>
              <CanModifyGlobalFilterSettings>1</CanModifyGlobalFilterSettings>
              <CanModifyIsSortableSettings>1</CanModifyIsSortableSettings>
              <IsDataSourceSecret>0</IsDataSourceSecret>
              <AutoNumberFormat></AutoNumberFormat>
              <optionset Name="trimble_test_statecode">
                <OptionSetType>state</OptionSetType>
                <IntroducedVersion>0.0.0</IntroducedVersion>
                <IsCustomizable>1</IsCustomizable>
                <displaynames>
                  <displayname description="Status" languagecode="1033" />
                </displaynames>
                <Descriptions>
                  <Description description="Status of the test" languagecode="1033" />
                </Descriptions>
                <states>
                  <state value="0" defaultstatus="1" invariantname="Active">
                    <labels>
                      <label description="Active" languagecode="1033" />
                    </labels>
                  </state>
                  <state value="1" defaultstatus="2" invariantname="Inactive">
                    <labels>
                      <label description="Inactive" languagecode="1033" />
                    </labels>
                  </state>
                </states>
              </optionset>
              <displaynames>
                <displayname description="Status" languagecode="1033" />
              </displaynames>
              <Descriptions>
                <Description description="Status of the test" languagecode="1033" />
              </Descriptions>
            </attribute>
            <attribute PhysicalName="statuscode">
              <Type>status</Type>
              <Name>statuscode</Name>
              <LogicalName>statuscode</LogicalName>
              <RequiredLevel>none</RequiredLevel>
              <DisplayMask>ValidForAdvancedFind|ValidForForm|ValidForGrid</DisplayMask>
              <ImeMode>auto</ImeMode>
              <ValidForUpdateApi>1</ValidForUpdateApi>
              <ValidForReadApi>1</ValidForReadApi>
              <ValidForCreateApi>1</ValidForCreateApi>
              <IsCustomField>0</IsCustomField>
              <IsAuditEnabled>1</IsAuditEnabled>
              <IsSecured>0</IsSecured>
              <IntroducedVersion>0.0.0</IntroducedVersion>
              <IsCustomizable>1</IsCustomizable>
              <IsRenameable>1</IsRenameable>
              <CanModifySearchSettings>1</CanModifySearchSettings>
              <CanModifyRequirementLevelSettings>1</CanModifyRequirementLevelSettings>
              <CanModifyAdditionalSettings>1</CanModifyAdditionalSettings>
              <SourceType>0</SourceType>
              <IsGlobalFilterEnabled>0</IsGlobalFilterEnabled>
              <IsSortableEnabled>0</IsSortableEnabled>
              <CanModifyGlobalFilterSettings>1</CanModifyGlobalFilterSettings>
              <CanModifyIsSortableSettings>1</CanModifyIsSortableSettings>
              <IsDataSourceSecret>0</IsDataSourceSecret>
              <AutoNumberFormat></AutoNumberFormat>
              <optionset Name="trimble_test_statuscode">
                <OptionSetType>status</OptionSetType>
                <IntroducedVersion>0.0.0</IntroducedVersion>
                <IsCustomizable>1</IsCustomizable>
                <displaynames>
                  <displayname description="Status Reason" languagecode="1033" />
                </displaynames>
                <Descriptions>
                  <Description description="Reason for the status of the test" languagecode="1033" />
                </Descriptions>
                <statuses>
                  <status value="1" state="0">
                    <labels>
                      <label description="Active" languagecode="1033" />
                    </labels>
                  </status>
                  <status value="2" state="1">
                    <labels>
                      <label description="Inactive" languagecode="1033" />
                    </labels>
                  </status>
                </statuses>
              </optionset>
              <displaynames>
                <displayname description="Status Reason" languagecode="1033" />
              </displaynames>
              <Descriptions>
                <Description description="Reason for the status of the test" languagecode="1033" />
              </Descriptions>
            </attribute>
            <attribute PhysicalName="TimeZoneRuleVersionNumber">
              <Type>int</Type>
              <Name>timezoneruleversionnumber</Name>
              <LogicalName>timezoneruleversionnumber</LogicalName>
              <RequiredLevel>none</RequiredLevel>
              <ImeMode>auto</ImeMode>
              <ValidForUpdateApi>1</ValidForUpdateApi>
              <ValidForReadApi>1</ValidForReadApi>
              <ValidForCreateApi>1</ValidForCreateApi>
              <IsCustomField>0</IsCustomField>
              <IsAuditEnabled>0</IsAuditEnabled>
              <IsSecured>0</IsSecured>
              <IntroducedVersion>0.0.0</IntroducedVersion>
              <IsCustomizable>1</IsCustomizable>
              <IsRenameable>1</IsRenameable>
              <CanModifySearchSettings>1</CanModifySearchSettings>
              <CanModifyRequirementLevelSettings>1</CanModifyRequirementLevelSettings>
              <CanModifyAdditionalSettings>1</CanModifyAdditionalSettings>
              <SourceType>0</SourceType>
              <IsGlobalFilterEnabled>0</IsGlobalFilterEnabled>
              <IsSortableEnabled>0</IsSortableEnabled>
              <CanModifyGlobalFilterSettings>1</CanModifyGlobalFilterSettings>
              <CanModifyIsSortableSettings>1</CanModifyIsSortableSettings>
              <IsDataSourceSecret>0</IsDataSourceSecret>
              <AutoNumberFormat></AutoNumberFormat>
              <Format></Format>
              <MinValue>-1</MinValue>
              <MaxValue>2147483647</MaxValue>
              <displaynames>
                <displayname description="Time Zone Rule Version Number" languagecode="1033" />
              </displaynames>
              <Descriptions>
                <Description description="For internal use only." languagecode="1033" />
              </Descriptions>
            </attribute>
            <attribute PhysicalName="trimble_testId">
              <Type>primarykey</Type>
              <Name>trimble_testid</Name>
              <LogicalName>trimble_testid</LogicalName>
              <RequiredLevel>systemrequired</RequiredLevel>
              <DisplayMask>ValidForAdvancedFind|RequiredForGrid</DisplayMask>
              <ImeMode>auto</ImeMode>
              <ValidForReadApi>1</ValidForReadApi>
              <ValidForCreateApi>1</ValidForCreateApi>
              <IsCustomField>0</IsCustomField>
              <IsAuditEnabled>0</IsAuditEnabled>
              <IsSecured>0</IsSecured>
              <IntroducedVersion>0.0.0</IntroducedVersion>
              <IsCustomizable>1</IsCustomizable>
              <IsRenameable>1</IsRenameable>
              <CanModifySearchSettings>1</CanModifySearchSettings>
              <CanModifyRequirementLevelSettings>0</CanModifyRequirementLevelSettings>
              <CanModifyAdditionalSettings>1</CanModifyAdditionalSettings>
              <SourceType>0</SourceType>
              <IsGlobalFilterEnabled>0</IsGlobalFilterEnabled>
              <IsSortableEnabled>0</IsSortableEnabled>
              <CanModifyGlobalFilterSettings>1</CanModifyGlobalFilterSettings>
              <CanModifyIsSortableSettings>1</CanModifyIsSortableSettings>
              <IsDataSourceSecret>0</IsDataSourceSecret>
              <AutoNumberFormat></AutoNumberFormat>
              <displaynames>
                <displayname description="test" languagecode="1033" />
              </displaynames>
              <Descriptions>
                <Description description="Unique identifier for entity instances" languagecode="1033" />
              </Descriptions>
            </attribute>
            <attribute PhysicalName="trimble_TestTrimbleEntity">
              <Type>nvarchar</Type>
              <Name>trimble_testtrimbleentity</Name>
              <LogicalName>trimble_testtrimbleentity</LogicalName>
              <RequiredLevel>required</RequiredLevel>
              <DisplayMask>PrimaryName|ValidForAdvancedFind|ValidForForm|ValidForGrid|RequiredForForm</DisplayMask>
              <ImeMode>auto</ImeMode>
              <ValidForUpdateApi>1</ValidForUpdateApi>
              <ValidForReadApi>1</ValidForReadApi>
              <ValidForCreateApi>1</ValidForCreateApi>
              <IsCustomField>1</IsCustomField>
              <IsAuditEnabled>1</IsAuditEnabled>
              <IsSecured>0</IsSecured>
              <IntroducedVersion>0.0.0</IntroducedVersion>
              <IsCustomizable>1</IsCustomizable>
              <IsRenameable>1</IsRenameable>
              <CanModifySearchSettings>1</CanModifySearchSettings>
              <CanModifyRequirementLevelSettings>1</CanModifyRequirementLevelSettings>
              <CanModifyAdditionalSettings>1</CanModifyAdditionalSettings>
              <SourceType>0</SourceType>
              <IsGlobalFilterEnabled>0</IsGlobalFilterEnabled>
              <IsSortableEnabled>0</IsSortableEnabled>
              <CanModifyGlobalFilterSettings>1</CanModifyGlobalFilterSettings>
              <CanModifyIsSortableSettings>1</CanModifyIsSortableSettings>
              <IsDataSourceSecret>0</IsDataSourceSecret>
              <AutoNumberFormat></AutoNumberFormat>
              <Format>text</Format>
              <MaxLength>100</MaxLength>
              <Length>200</Length>
              <displaynames>
                <displayname description="Test Trimble Entity" languagecode="1033" />
              </displaynames>
              <Descriptions>
                <Description description="Required name field" languagecode="1033" />
              </Descriptions>
            </attribute>
            <attribute PhysicalName="UTCConversionTimeZoneCode">
              <Type>int</Type>
              <Name>utcconversiontimezonecode</Name>
              <LogicalName>utcconversiontimezonecode</LogicalName>
              <RequiredLevel>none</RequiredLevel>
              <ImeMode>auto</ImeMode>
              <ValidForUpdateApi>1</ValidForUpdateApi>
              <ValidForReadApi>1</ValidForReadApi>
              <ValidForCreateApi>1</ValidForCreateApi>
              <IsCustomField>0</IsCustomField>
              <IsAuditEnabled>0</IsAuditEnabled>
              <IsSecured>0</IsSecured>
              <IntroducedVersion>0.0.0</IntroducedVersion>
              <IsCustomizable>1</IsCustomizable>
              <IsRenameable>1</IsRenameable>
              <CanModifySearchSettings>1</CanModifySearchSettings>
              <CanModifyRequirementLevelSettings>1</CanModifyRequirementLevelSettings>
              <CanModifyAdditionalSettings>1</CanModifyAdditionalSettings>
              <SourceType>0</SourceType>
              <IsGlobalFilterEnabled>0</IsGlobalFilterEnabled>
              <IsSortableEnabled>0</IsSortableEnabled>
              <CanModifyGlobalFilterSettings>1</CanModifyGlobalFilterSettings>
              <CanModifyIsSortableSettings>1</CanModifyIsSortableSettings>
              <IsDataSourceSecret>0</IsDataSourceSecret>
              <AutoNumberFormat></AutoNumberFormat>
              <Format></Format>
              <MinValue>-1</MinValue>
              <MaxValue>2147483647</MaxValue>
              <displaynames>
                <displayname description="UTC Conversion Time Zone Code" languagecode="1033" />
              </displaynames>
              <Descriptions>
                <Description description="Time zone code that was in use when the record was created." languagecode="1033" />
              </Descriptions>
            </attribute>
          </attributes>
          <EntitySetName>trimble_tests</EntitySetName>
          <IsDuplicateCheckSupported>1</IsDuplicateCheckSupported>
          <IsBusinessProcessEnabled>0</IsBusinessProcessEnabled>
          <IsRequiredOffline>0</IsRequiredOffline>
          <IsInteractionCentricEnabled>0</IsInteractionCentricEnabled>
          <IsCollaboration>0</IsCollaboration>
          <AutoRouteToOwnerQueue>0</AutoRouteToOwnerQueue>
          <IsConnectionsEnabled>0</IsConnectionsEnabled>
          <IsDocumentManagementEnabled>0</IsDocumentManagementEnabled>
          <IsOneNoteIntegrationEnabled>0</IsOneNoteIntegrationEnabled>
          <IsKnowledgeManagementEnabled>0</IsKnowledgeManagementEnabled>
          <IsSLAEnabled>0</IsSLAEnabled>
          <IsDocumentRecommendationsEnabled>0</IsDocumentRecommendationsEnabled>
          <IsBPFEntity>0</IsBPFEntity>
          <OwnershipTypeMask>UserOwned</OwnershipTypeMask>
          <IsAuditEnabled>0</IsAuditEnabled>
          <IsRetrieveAuditEnabled>0</IsRetrieveAuditEnabled>
          <IsRetrieveMultipleAuditEnabled>0</IsRetrieveMultipleAuditEnabled>
          <IsActivity>0</IsActivity>
          <ActivityTypeMask>CommunicationActivity</ActivityTypeMask>
          <IsActivityParty>0</IsActivityParty>
          <IsReplicated>0</IsReplicated>
          <IsReplicationUserFiltered>0</IsReplicationUserFiltered>
          <IsMailMergeEnabled>1</IsMailMergeEnabled>
          <IsVisibleInMobile>0</IsVisibleInMobile>
          <IsVisibleInMobileClient>0</IsVisibleInMobileClient>
          <IsReadOnlyInMobileClient>0</IsReadOnlyInMobileClient>
          <IsOfflineInMobileClient>0</IsOfflineInMobileClient>
          <DaysSinceRecordLastModified>0</DaysSinceRecordLastModified>
          <MobileOfflineFilters></MobileOfflineFilters>
          <IsMapiGridEnabled>1</IsMapiGridEnabled>
          <IsReadingPaneEnabled>1</IsReadingPaneEnabled>
          <IsQuickCreateEnabled>0</IsQuickCreateEnabled>
          <SyncToExternalSearchIndex>0</SyncToExternalSearchIndex>
          <IntroducedVersion>0.0.0</IntroducedVersion>
          <IsCustomizable>1</IsCustomizable>
          <IsRenameable>1</IsRenameable>
          <IsMappable>1</IsMappable>
          <CanModifyAuditSettings>1</CanModifyAuditSettings>
          <CanModifyMobileVisibility>1</CanModifyMobileVisibility>
          <CanModifyMobileClientVisibility>1</CanModifyMobileClientVisibility>
          <CanModifyMobileClientReadOnly>1</CanModifyMobileClientReadOnly>
          <CanModifyMobileClientOffline>1</CanModifyMobileClientOffline>
          <CanModifyConnectionSettings>1</CanModifyConnectionSettings>
          <CanModifyDuplicateDetectionSettings>1</CanModifyDuplicateDetectionSettings>
          <CanModifyMailMergeSettings>1</CanModifyMailMergeSettings>
          <CanModifyQueueSettings>1</CanModifyQueueSettings>
          <CanCreateAttributes>1</CanCreateAttributes>
          <CanCreateForms>1</CanCreateForms>
          <CanCreateCharts>1</CanCreateCharts>
          <CanCreateViews>1</CanCreateViews>
          <CanModifyAdditionalSettings>1</CanModifyAdditionalSettings>
          <CanEnableSyncToExternalSearchIndex>1</CanEnableSyncToExternalSearchIndex>
          <EnforceStateTransitions>0</EnforceStateTransitions>
          <CanChangeHierarchicalRelationship>1</CanChangeHierarchicalRelationship>
          <EntityHelpUrlEnabled>0</EntityHelpUrlEnabled>
          <ChangeTrackingEnabled>0</ChangeTrackingEnabled>
          <CanChangeTrackingBeEnabled>1</CanChangeTrackingBeEnabled>
          <IsEnabledForExternalChannels>0</IsEnabledForExternalChannels>
        </entity>
      </EntityInfo>
      <FormXml>
        <forms type="card">
          <systemform>
            <formid>{120f6e73-d4ec-41d3-b70a-9ad72008e55e}</formid>
            <IntroducedVersion>0.0.0</IntroducedVersion>
            <FormPresentation>1</FormPresentation>
            <FormActivationState>1</FormActivationState>
            <form>
              <tabs>
                <tab name="general" verticallayout="true" id="{bd4d3797-690d-44a5-8b5c-7977a5d13b4e}" IsUserDefined="0">
                  <labels>
                    <label description="" languagecode="1033" />
                  </labels>
                  <columns>
                    <column width="25%">
                      <sections>
                        <section name="ColorStrip" showlabel="false" showbar="false" columns="1" IsUserDefined="0" id="{161a7197-2964-404f-a2e7-9560aa7c69a3}">
                          <labels>
                            <label description="ColorStrip" languagecode="1033" />
                          </labels>
                        </section>
                      </sections>
                    </column>
                    <column width="75%">
                      <sections>
                        <section name="CardHeader" showlabel="false" showbar="false" columns="111" id="{2d04666d-bfec-4f86-8156-fb5b2fea03d5}" IsUserDefined="0">
                          <labels>
                            <label description="Header" languagecode="1033" />
                          </labels>
                          <rows>
                            <row>
                              <cell id="{5267e50e-1608-471a-8ef8-8330e835b7fd}" showlabel="true" locklevel="0">
                                <labels>
                                  <label description="Status Reason" languagecode="1033" />
                                </labels>
                                <control id="statuscode" classid="{5D68B988-0661-4db2-BC3E-17598AD3BE6C}" datafieldname="statuscode" disabled="false" />
                              </cell>
                              <cell id="{2c1692b5-e394-45d3-95b9-a8b894948397}" showlabel="true" locklevel="0">
                                <labels>
                                  <label description="" languagecode="1033" />
                                </labels>
                              </cell>
                              <cell id="{c2ead8c9-cffa-4e16-8752-13f9cdaa8fea}" showlabel="true" locklevel="0">
                                <labels>
                                  <label description="" languagecode="1033" />
                                </labels>
                              </cell>
                            </row>
                          </rows>
                        </section>
                        <section name="CardDetails" showlabel="false" showbar="false" columns="1" id="{79145ec6-8366-46d2-af36-e24db006b701}" IsUserDefined="0">
                          <labels>
                            <label description="Details" languagecode="1033" />
                          </labels>
                          <rows>
                            <row>
                              <cell id="{57b28920-378b-4b0f-ba0a-59a199bb90bd}" showlabel="true" locklevel="0">
                                <labels>
                                  <label description="Test Trimble Entity" languagecode="1033" />
                                </labels>
                                <control id="trimble_testtrimbleentity" classid="{4273EDBD-AC1D-40d3-9FB2-095C621B552D}" datafieldname="trimble_testtrimbleentity" disabled="false" />
                              </cell>
                            </row>
                          </rows>
                        </section>
                        <section name="CardFooter" showlabel="false" columns="1111" showbar="false" id="{7b17538f-7633-40f7-961a-7276fccd9677}" IsUserDefined="0">
                          <labels>
                            <label description="Footer" languagecode="1033" />
                          </labels>
                          <rows>
                            <row>
                              <cell id="{222c65bd-1ad7-4d77-82d3-67b48043268c}" showlabel="true" locklevel="0">
                                <labels>
                                  <label description="Owner" languagecode="1033" />
                                </labels>
                                <control id="ownerid" classid="{270BD3DB-D9AF-4782-9025-509E298DEC0A}" datafieldname="ownerid" disabled="false" />
                              </cell>
                              <cell id="{fb133da7-84f5-467e-83e4-74b7a80f328f}" showlabel="true" locklevel="0">
                                <labels>
                                  <label description="Created On" languagecode="1033" />
                                </labels>
                                <control id="createdon" classid="{270BD3DB-D9AF-4782-9025-509E298DEC0A}" datafieldname="createdon" disabled="false" />
                              </cell>
                              <cell id="{65458d07-72ec-4f2d-b3c8-9b7395033d08}" showlabel="true" locklevel="0">
                                <labels>
                                  <label description="" languagecode="1033" />
                                </labels>
                              </cell>
                              <cell id="{7ed15f1f-19ae-42de-a42f-81e7f0eebec8}" showlabel="true" locklevel="0">
                                <labels>
                                  <label description="" languagecode="1033" />
                                </labels>
                              </cell>
                            </row>
                          </rows>
                        </section>
                      </sections>
                    </column>
                  </columns>
                </tab>
              </tabs>
            </form>
            <IsCustomizable>1</IsCustomizable>
            <CanBeDeleted>1</CanBeDeleted>
            <LocalizedNames>
              <LocalizedName description="Information" languagecode="1033" />
            </LocalizedNames>
            <Descriptions>
              <Description description="A card form for this entity." languagecode="1033" />
            </Descriptions>
          </systemform>
        </forms>
        <forms type="main">
          <systemform>
            <formid>{e5c32078-11e5-4788-a661-f83a5db9417f}</formid>
            <IntroducedVersion>0.0.0</IntroducedVersion>
            <FormPresentation>1</FormPresentation>
            <FormActivationState>1</FormActivationState>
            <form>
              <tabs>
                <tab verticallayout="true" id="{e655b5ca-be1e-42c6-a0dc-bdd3cbddb11d}" IsUserDefined="1">
                  <labels>
                    <label description="General" languagecode="1033" />
                  </labels>
                  <columns>
                    <column width="100%">
                      <sections>
                        <section showlabel="false" showbar="false" IsUserDefined="0" id="{2c1f73cb-64f0-4e5a-a623-1c21d4d7309f}">
                          <labels>
                            <label description="General" languagecode="1033" />
                          </labels>
                          <rows>
                            <row>
                              <cell id="{2a1ca3b5-539f-4c2d-b952-7d6a6c9b3801}">
                                <labels>
                                  <label description="Test Trimble Entity" languagecode="1033" />
                                </labels>
                                <control id="trimble_testtrimbleentity" classid="{4273EDBD-AC1D-40d3-9FB2-095C621B552D}" datafieldname="trimble_testtrimbleentity" />
                              </cell>
                            </row>
                            <row>
                              <cell id="{ccaed479-a0a5-42ee-995b-f441d10bd8d8}">
                                <labels>
                                  <label description="Owner" languagecode="1033" />
                                </labels>
                                <control id="ownerid" classid="{270BD3DB-D9AF-4782-9025-509E298DEC0A}" datafieldname="ownerid" />
                              </cell>
                            </row>
                          </rows>
                        </section>
                      </sections>
                    </column>
                  </columns>
                </tab>
              </tabs>
            </form>
            <IsCustomizable>1</IsCustomizable>
            <CanBeDeleted>1</CanBeDeleted>
            <LocalizedNames>
              <LocalizedName description="Information" languagecode="1033" />
            </LocalizedNames>
            <Descriptions>
              <Description description="A form for this entity." languagecode="1033" />
            </Descriptions>
          </systemform>
        </forms>
        <forms type="quick">
          <systemform>
            <formid>{35eb9cbf-370c-4435-a817-ae2449cef039}</formid>
            <IntroducedVersion>0.0.0</IntroducedVersion>
            <FormPresentation>1</FormPresentation>
            <FormActivationState>1</FormActivationState>
            <form>
              <tabs>
                <tab verticallayout="true" id="{5fff26a3-470e-43fc-8ba9-0f90ad9b81c2}" IsUserDefined="1">
                  <labels>
                    <label description="" languagecode="1033" />
                  </labels>
                  <columns>
                    <column width="100%">
                      <sections>
                        <section showlabel="false" showbar="false" IsUserDefined="0" id="{affcc779-ee9f-4290-8830-3fc56c762b97}">
                          <labels>
                            <label description="GENERAL" languagecode="1033" />
                          </labels>
                          <rows>
                            <row>
                              <cell id="{95eb162e-2f6f-400a-ba06-7f5a6d7ecab8}">
                                <labels>
                                  <label description="Test Trimble Entity" languagecode="1033" />
                                </labels>
                                <control id="trimble_testtrimbleentity" classid="{4273EDBD-AC1D-40d3-9FB2-095C621B552D}" datafieldname="trimble_testtrimbleentity" />
                              </cell>
                            </row>
                            <row>
                              <cell id="{64b90e67-598b-4c7d-82e2-d874338e5d40}">
                                <labels>
                                  <label description="Owner" languagecode="1033" />
                                </labels>
                                <control id="ownerid" classid="{270BD3DB-D9AF-4782-9025-509E298DEC0A}" datafieldname="ownerid" />
                              </cell>
                            </row>
                          </rows>
                        </section>
                      </sections>
                    </column>
                  </columns>
                </tab>
              </tabs>
            </form>
            <IsCustomizable>1</IsCustomizable>
            <CanBeDeleted>1</CanBeDeleted>
            <LocalizedNames>
              <LocalizedName description="Information" languagecode="1033" />
            </LocalizedNames>
          </systemform>
        </forms>
      </FormXml>
      <SavedQueries>
        <savedqueries>
          <savedquery>
            <IsCustomizable>1</IsCustomizable>
            <CanBeDeleted>0</CanBeDeleted>
            <isquickfindquery>0</isquickfindquery>
            <isprivate>0</isprivate>
            <isdefault>1</isdefault>
            <savedqueryid>{47a8682f-3766-4529-a5e4-cc24b099bbc0}</savedqueryid>
            <layoutxml>
              <grid name="resultset" jump="trimble_testtrimbleentity" select="1" icon="1" preview="1">
                <row name="result" id="trimble_testid">
                  <cell name="trimble_testtrimbleentity" width="300" />
                  <cell name="createdon" width="125" />
                </row>
              </grid>
            </layoutxml>
            <querytype>0</querytype>
            <fetchxml>
              <fetch version="1.0" mapping="logical">
                <entity name="trimble_test">
                  <attribute name="trimble_testid" />
                  <attribute name="trimble_testtrimbleentity" />
                  <attribute name="createdon" />
                  <order attribute="trimble_testtrimbleentity" descending="false" />
                  <filter type="and">
                    <condition attribute="statecode" operator="eq" value="0" />
                  </filter>
                </entity>
              </fetch>
            </fetchxml>
            <IntroducedVersion>0.0.0</IntroducedVersion>
            <LocalizedNames>
              <LocalizedName description="Active tests" languagecode="1033" />
            </LocalizedNames>
          </savedquery>
          <savedquery>
            <IsCustomizable>1</IsCustomizable>
            <CanBeDeleted>0</CanBeDeleted>
            <isquickfindquery>0</isquickfindquery>
            <isprivate>0</isprivate>
            <isdefault>0</isdefault>
            <savedqueryid>{3e2df548-bae7-4f83-9f87-a0b658d6d344}</savedqueryid>
            <layoutxml>
              <grid name="resultset" jump="trimble_testtrimbleentity" select="1" icon="1" preview="1">
                <row name="result" id="trimble_testid">
                  <cell name="trimble_testtrimbleentity" width="300" />
                  <cell name="createdon" width="125" />
                </row>
              </grid>
            </layoutxml>
            <querytype>0</querytype>
            <fetchxml>
              <fetch version="1.0" mapping="logical">
                <entity name="trimble_test">
                  <attribute name="trimble_testid" />
                  <attribute name="trimble_testtrimbleentity" />
                  <attribute name="createdon" />
                  <order attribute="trimble_testtrimbleentity" descending="false" />
                  <filter type="and">
                    <condition attribute="statecode" operator="eq" value="1" />
                  </filter>
                </entity>
              </fetch>
            </fetchxml>
            <IntroducedVersion>0.0.0</IntroducedVersion>
            <LocalizedNames>
              <LocalizedName description="Inactive tests" languagecode="1033" />
            </LocalizedNames>
          </savedquery>
          <savedquery>
            <IsCustomizable>1</IsCustomizable>
            <CanBeDeleted>1</CanBeDeleted>
            <isquickfindquery>0</isquickfindquery>
            <isprivate>0</isprivate>
            <isdefault>1</isdefault>
            <savedqueryid>{518790ed-fc91-e911-a828-000d3a1d501d}</savedqueryid>
            <querytype>8192</querytype>
            <fetchxml>
              <fetch version="1.0" mapping="logical" output-format="xml-platform">
                <entity name="trimble_test">
                  <attribute name="trimble_testid" />
                  <filter type="and">
                    <condition attribute="statecode" operator="eq" value="0" />
                    <condition attribute="ownerid" operator="eq-userid" />
                  </filter>
                </entity>
              </fetch>
            </fetchxml>
            <IntroducedVersion>0.0.0</IntroducedVersion>
            <LocalizedNames>
              <LocalizedName description="My tests" languagecode="1033" />
            </LocalizedNames>
            <Descriptions>
              <Description description="Active tests owned by me" languagecode="1033" />
            </Descriptions>
          </savedquery>
          <savedquery>
            <IsCustomizable>1</IsCustomizable>
            <CanBeDeleted>0</CanBeDeleted>
            <isquickfindquery>1</isquickfindquery>
            <isprivate>0</isprivate>
            <isdefault>1</isdefault>
            <savedqueryid>{2bd1b90a-28a8-45f6-b06f-7cf436403565}</savedqueryid>
            <layoutxml>
              <grid name="resultset" jump="trimble_testtrimbleentity" select="1" icon="1" preview="1">
                <row name="result" id="trimble_testid">
                  <cell name="trimble_testtrimbleentity" width="300" />
                  <cell name="createdon" width="125" />
                </row>
              </grid>
            </layoutxml>
            <querytype>4</querytype>
            <fetchxml>
              <fetch version="1.0" mapping="logical">
                <entity name="trimble_test">
                  <attribute name="trimble_testid" />
                  <attribute name="trimble_testtrimbleentity" />
                  <attribute name="createdon" />
                  <order attribute="trimble_testtrimbleentity" descending="false" />
                  <filter type="and">
                    <condition attribute="statecode" operator="eq" value="0" />
                  </filter>
                  <filter type="or" isquickfindfields="1">
                    <condition attribute="trimble_testtrimbleentity" operator="like" value="{0}" />
                  </filter>
                </entity>
              </fetch>
            </fetchxml>
            <IntroducedVersion>0.0.0</IntroducedVersion>
            <LocalizedNames>
              <LocalizedName description="Quick Find Active tests" languagecode="1033" />
            </LocalizedNames>
          </savedquery>
          <savedquery>
            <IsCustomizable>1</IsCustomizable>
            <CanBeDeleted>0</CanBeDeleted>
            <isquickfindquery>0</isquickfindquery>
            <isprivate>0</isprivate>
            <isdefault>1</isdefault>
            <savedqueryid>{9567a236-8dd6-4cb5-b535-17719ce09494}</savedqueryid>
            <layoutxml>
              <grid name="resultset" jump="trimble_testtrimbleentity" select="1" icon="1" preview="1">
                <row name="result" id="trimble_testid">
                  <cell name="trimble_testtrimbleentity" width="300" />
                  <cell name="createdon" width="125" />
                </row>
              </grid>
            </layoutxml>
            <querytype>1</querytype>
            <fetchxml>
              <fetch version="1.0" mapping="logical">
                <entity name="trimble_test">
                  <attribute name="trimble_testid" />
                  <attribute name="trimble_testtrimbleentity" />
                  <attribute name="createdon" />
                  <order attribute="trimble_testtrimbleentity" descending="false" />
                </entity>
              </fetch>
            </fetchxml>
            <IntroducedVersion>0.0.0</IntroducedVersion>
            <LocalizedNames>
              <LocalizedName description="test Advanced Find View" languagecode="1033" />
            </LocalizedNames>
          </savedquery>
          <savedquery>
            <IsCustomizable>1</IsCustomizable>
            <CanBeDeleted>0</CanBeDeleted>
            <isquickfindquery>0</isquickfindquery>
            <isprivate>0</isprivate>
            <isdefault>1</isdefault>
            <savedqueryid>{5f1fd309-fa65-4048-8e9a-4fca76e1a304}</savedqueryid>
            <layoutxml>
              <grid name="" jump="trimble_testtrimbleentity" select="1" icon="1" preview="1">
                <row name="trimble_test" id="trimble_testid">
                  <cell name="trimble_testtrimbleentity" width="300" />
                  <cell name="createdon" width="125" />
                </row>
              </grid>
            </layoutxml>
            <querytype>2</querytype>
            <fetchxml>
              <fetch version="1.0" mapping="logical">
                <entity name="trimble_test">
                  <attribute name="trimble_testid" />
                  <attribute name="trimble_testtrimbleentity" />
                  <attribute name="createdon" />
                  <order attribute="trimble_testtrimbleentity" descending="false" />
                  <filter type="and">
                    <condition attribute="statecode" operator="eq" value="0" />
                  </filter>
                </entity>
              </fetch>
            </fetchxml>
            <IntroducedVersion>0.0.0</IntroducedVersion>
            <LocalizedNames>
              <LocalizedName description="test Associated View" languagecode="1033" />
            </LocalizedNames>
          </savedquery>
          <savedquery>
            <IsCustomizable>1</IsCustomizable>
            <CanBeDeleted>0</CanBeDeleted>
            <isquickfindquery>0</isquickfindquery>
            <isprivate>0</isprivate>
            <isdefault>1</isdefault>
            <savedqueryid>{95272fbe-f8aa-4cf1-bc3a-cf4a047ef482}</savedqueryid>
            <layoutxml>
              <grid name="" jump="trimble_testtrimbleentity" select="1" icon="1" preview="0">
                <row name="trimble_test" id="trimble_testid">
                  <cell name="trimble_testtrimbleentity" width="300" />
                  <cell name="createdon" width="125" />
                </row>
              </grid>
            </layoutxml>
            <querytype>64</querytype>
            <fetchxml>
              <fetch version="1.0" mapping="logical">
                <entity name="trimble_test">
                  <attribute name="trimble_testid" />
                  <attribute name="trimble_testtrimbleentity" />
                  <attribute name="createdon" />
                  <filter type="and">
                    <condition attribute="statecode" operator="eq" value="0" />
                  </filter>
                </entity>
              </fetch>
            </fetchxml>
            <IntroducedVersion>0.0.0</IntroducedVersion>
            <LocalizedNames>
              <LocalizedName description="test Lookup View" languagecode="1033" />
            </LocalizedNames>
          </savedquery>
        </savedqueries>
      </SavedQueries>
      <RibbonDiffXml>
        <CustomActions />
        <Templates>
          <RibbonTemplates Id="Mscrm.Templates"></RibbonTemplates>
        </Templates>
        <CommandDefinitions />
        <RuleDefinitions>
          <TabDisplayRules />
          <DisplayRules />
          <EnableRules />
        </RuleDefinitions>
        <LocLabels />
      </RibbonDiffXml>
      <CustomControlDefaultConfigs>
        <CustomControlDefaultConfig>
          <CustomControlDefaultConfigId>{ab3df9a9-316f-406f-8663-9910de94e4f9}</CustomControlDefaultConfigId>
          <ControlDescriptionXML><controlDescriptions /></ControlDescriptionXML>
          <IntroducedVersion>0.0.0</IntroducedVersion>
        </CustomControlDefaultConfig>
      </CustomControlDefaultConfigs>
    </Entity>
  </Entities>
  <Roles></Roles>
  <Workflows></Workflows>
  <FieldSecurityProfiles></FieldSecurityProfiles>
  <Templates />
  <EntityMaps />
  <EntityRelationships>
    <EntityRelationship Name="business_unit_trimble_test">
      <EntityRelationshipType>OneToMany</EntityRelationshipType>
      <IsCustomizable>1</IsCustomizable>
      <IntroducedVersion>0.0.0</IntroducedVersion>
      <IsHierarchical>0</IsHierarchical>
      <ReferencingEntityName>trimble_test</ReferencingEntityName>
      <ReferencedEntityName>BusinessUnit</ReferencedEntityName>
      <CascadeAssign>NoCascade</CascadeAssign>
      <CascadeDelete>NoCascade</CascadeDelete>
      <CascadeReparent>NoCascade</CascadeReparent>
      <CascadeShare>NoCascade</CascadeShare>
      <CascadeUnshare>NoCascade</CascadeUnshare>
      <ReferencingAttributeName>OwningBusinessUnit</ReferencingAttributeName>
      <RelationshipDescription>
        <Descriptions>
          <Description description="Unique identifier for the business unit that owns the record" languagecode="1033" />
        </Descriptions>
      </RelationshipDescription>
    </EntityRelationship>
    <EntityRelationship Name="lk_trimble_test_createdby">
      <EntityRelationshipType>OneToMany</EntityRelationshipType>
      <IsCustomizable>1</IsCustomizable>
      <IntroducedVersion>0.0.0</IntroducedVersion>
      <IsHierarchical>0</IsHierarchical>
      <ReferencingEntityName>trimble_test</ReferencingEntityName>
      <ReferencedEntityName>SystemUser</ReferencedEntityName>
      <CascadeAssign>NoCascade</CascadeAssign>
      <CascadeDelete>NoCascade</CascadeDelete>
      <CascadeReparent>NoCascade</CascadeReparent>
      <CascadeShare>NoCascade</CascadeShare>
      <CascadeUnshare>NoCascade</CascadeUnshare>
      <ReferencingAttributeName>CreatedBy</ReferencingAttributeName>
      <RelationshipDescription>
        <Descriptions>
          <Description description="Unique identifier of the user who created the record." languagecode="1033" />
        </Descriptions>
      </RelationshipDescription>
    </EntityRelationship>
    <EntityRelationship Name="lk_trimble_test_modifiedby">
      <EntityRelationshipType>OneToMany</EntityRelationshipType>
      <IsCustomizable>1</IsCustomizable>
      <IntroducedVersion>0.0.0</IntroducedVersion>
      <IsHierarchical>0</IsHierarchical>
      <ReferencingEntityName>trimble_test</ReferencingEntityName>
      <ReferencedEntityName>SystemUser</ReferencedEntityName>
      <CascadeAssign>NoCascade</CascadeAssign>
      <CascadeDelete>NoCascade</CascadeDelete>
      <CascadeReparent>NoCascade</CascadeReparent>
      <CascadeShare>NoCascade</CascadeShare>
      <CascadeUnshare>NoCascade</CascadeUnshare>
      <ReferencingAttributeName>ModifiedBy</ReferencingAttributeName>
      <RelationshipDescription>
        <Descriptions>
          <Description description="Unique identifier of the user who modified the record." languagecode="1033" />
        </Descriptions>
      </RelationshipDescription>
    </EntityRelationship>
    <EntityRelationship Name="owner_trimble_test">
      <EntityRelationshipType>OneToMany</EntityRelationshipType>
      <IsCustomizable>1</IsCustomizable>
      <IntroducedVersion>0.0.0</IntroducedVersion>
      <IsHierarchical>0</IsHierarchical>
      <ReferencingEntityName>trimble_test</ReferencingEntityName>
      <ReferencedEntityName>Owner</ReferencedEntityName>
      <CascadeAssign>NoCascade</CascadeAssign>
      <CascadeDelete>NoCascade</CascadeDelete>
      <CascadeReparent>NoCascade</CascadeReparent>
      <CascadeShare>NoCascade</CascadeShare>
      <CascadeUnshare>NoCascade</CascadeUnshare>
      <ReferencingAttributeName>OwnerId</ReferencingAttributeName>
      <RelationshipDescription>
        <Descriptions>
          <Description description="Owner Id" languagecode="1033" />
        </Descriptions>
      </RelationshipDescription>
    </EntityRelationship>
    <EntityRelationship Name="team_trimble_test">
      <EntityRelationshipType>OneToMany</EntityRelationshipType>
      <IsCustomizable>1</IsCustomizable>
      <IntroducedVersion>0.0.0</IntroducedVersion>
      <IsHierarchical>0</IsHierarchical>
      <ReferencingEntityName>trimble_test</ReferencingEntityName>
      <ReferencedEntityName>Team</ReferencedEntityName>
      <CascadeAssign>NoCascade</CascadeAssign>
      <CascadeDelete>NoCascade</CascadeDelete>
      <CascadeReparent>NoCascade</CascadeReparent>
      <CascadeShare>NoCascade</CascadeShare>
      <CascadeUnshare>NoCascade</CascadeUnshare>
      <ReferencingAttributeName>OwningTeam</ReferencingAttributeName>
      <RelationshipDescription>
        <Descriptions>
          <Description description="Unique identifier for the team that owns the record." languagecode="1033" />
        </Descriptions>
      </RelationshipDescription>
    </EntityRelationship>
    <EntityRelationship Name="user_trimble_test">
      <EntityRelationshipType>OneToMany</EntityRelationshipType>
      <IsCustomizable>1</IsCustomizable>
      <IntroducedVersion>0.0.0</IntroducedVersion>
      <IsHierarchical>0</IsHierarchical>
      <ReferencingEntityName>trimble_test</ReferencingEntityName>
      <ReferencedEntityName>SystemUser</ReferencedEntityName>
      <CascadeAssign>NoCascade</CascadeAssign>
      <CascadeDelete>NoCascade</CascadeDelete>
      <CascadeReparent>NoCascade</CascadeReparent>
      <CascadeShare>NoCascade</CascadeShare>
      <CascadeUnshare>NoCascade</CascadeUnshare>
      <ReferencingAttributeName>OwningUser</ReferencingAttributeName>
      <RelationshipDescription>
        <Descriptions>
          <Description description="Unique identifier for the user that owns the record." languagecode="1033" />
        </Descriptions>
      </RelationshipDescription>
    </EntityRelationship>
  </EntityRelationships>
  <OrganizationSettings />
  <optionsets />
  <WebResources>
    <WebResource>
      <WebResourceId>{2c9c6ac8-2991-e911-a828-000d3a1d501d}</WebResourceId>
      <Name>trimble_webtest</Name>
      <DisplayName>Web Resource Test</DisplayName>
      <WebResourceType>1</WebResourceType>
      <IntroducedVersion>0.0.0</IntroducedVersion>
      <IsEnabledForMobileClient>0</IsEnabledForMobileClient>
      <IsAvailableForMobileOffline>0</IsAvailableForMobileOffline>
      <DependencyXml>&lt;Dependencies&gt;&lt;Dependency componentType="WebResource"/&gt;&lt;/Dependencies&gt;</DependencyXml>
      <IsCustomizable>1</IsCustomizable>
      <CanBeDeleted>1</CanBeDeleted>
      <IsHidden>0</IsHidden>
      <FileName>/WebResources/trimble_webtest2C9C6AC8-2991-E911-A828-000D3A1D501D</FileName>
    </WebResource>
    <WebResource>
      <WebResourceId>{3c69ffa9-fc91-e911-a828-000d3a1d501d}</WebResourceId>
      <Name>trimble_maptest</Name>
      <DisplayName>Trimble Maps Test</DisplayName>
      <WebResourceType>1</WebResourceType>
      <IntroducedVersion>0.0.0</IntroducedVersion>
      <IsEnabledForMobileClient>0</IsEnabledForMobileClient>
      <IsAvailableForMobileOffline>0</IsAvailableForMobileOffline>
      <DependencyXml>&lt;Dependencies&gt;&lt;Dependency componentType="WebResource"/&gt;&lt;/Dependencies&gt;</DependencyXml>
      <IsCustomizable>1</IsCustomizable>
      <CanBeDeleted>1</CanBeDeleted>
      <IsHidden>0</IsHidden>
      <FileName>/WebResources/trimble_maptest3C69FFA9-FC91-E911-A828-000D3A1D501D</FileName>
    </WebResource>
  </WebResources>
  <CustomControls />
  <AppModules>
    <AppModule>
      <UniqueName>cr965_Trimble</UniqueName>
      <IntroducedVersion>1.0.0.0</IntroducedVersion>
      <WebResourceId>953b9fac-1e5e-e611-80d6-00155ded156f</WebResourceId>
      <FormFactor>1</FormFactor>
      <ClientType>4</ClientType>
      <NavigationType>0</NavigationType>
      <AppModuleComponents>
        <AppModuleComponent type="62" schemaName="cr965_Trimble" />
        <AppModuleComponent type="1" schemaName="trimble_test" />
      </AppModuleComponents>
      <AppModuleRoleMaps>
        <Role id="{627090ff-40a3-4053-8790-584edc5be201}" />
        <Role id="{119f245c-3cc8-4b62-b31c-d1a046ced15d}" />
      </AppModuleRoleMaps>
      <LocalizedNames>
        <LocalizedName description="Trimble" languagecode="1033" />
      </LocalizedNames>
    </AppModule>
  </AppModules>
  <EntityDataProviders />
  <Languages>
    <Language>1033</Language>
  </Languages>
</ImportExportXml>